Dataset,Corpus size,Vocabulary size,Type to Token ratio
Hatespeech,209923,22844,0.1088208533605179
Emoji,570452,570452,0.12148261378696192
