,F1 score,Accuracy Score,Recall Score,Precision Score
0,0.2068,0.19604759536942243,0.2068,0.2010642161543721
1,0.18354,0.12328290628271332,0.18354,0.150941442095728
2,0.209,0.21840940477665585,0.209,0.24834581842917927
3,0.27736,0.20113256382236497,0.27736,0.29216663757167183
