,F1 score,Accuracy Score,Recall Score,Precision Score
0,0.132996632996633,0.20795490362374788,0.132996632996633,0.4980992584291152
1,0.29865319865319867,0.3640764086347502,0.29865319865319867,0.5248333482219302
2,0.04579124579124579,0.08274947250311648,0.04579124579124579,0.5227260393927061
3,0.09393939393939393,0.15021756688423357,0.09393939393939393,0.5175689086358813
