,F1 score,Accuracy Score,Recall Score,Precision Score
0,0.4632996632996633,0.2921847246891652,0.19150174621653085,0.6161048689138576
1,0.5154882154882154,0.3910283537875582,0.2689173457508731,0.7162790697674418
2,0.5292929292929293,0.45813953488372094,0.3440046565774156,0.685614849187935
3,0.4754208754208754,0.2317554240631164,0.13678696158323633,0.7580645161290323
4,0.47003367003367,0.24326923076923074,0.14726426076833526,0.6988950276243094
