,F1 score,Accuracy Score,Recall Score,Precision Score
0,0.4632996632996633,0.5677874186550976,0.7835463258785943,0.4653700189753321
1,0.5154882154882154,0.5977075761811574,0.7835463258785943,0.4653700189753321
2,0.5292929292929293,0.5839285714285714,0.7835463258785943,0.4653700189753321
3,0.4754208754208754,0.6017382413087935,0.7835463258785943,0.4653700189753321
4,0.47003367003367,0.5922279792746115,0.7835463258785943,0.4653700189753321
