,F1 score,Accuracy Score,Recall Score,Precision Score
0,0.8659440958357103,0.8825,0.9014251781472684,0.8331503841931943
1,0.8158328752061572,0.8325,0.8812351543942993,0.759467758444217
2,0.7368718238283456,0.6272,0.9151472650771388,0.6167296786389413
3,0.7690217391304348,0.728,0.7938288920056101,0.7457180500658761
4,0.8114359139094122,0.7652,0.8856942496493688,0.7486662714878483
