,F1 score,Accuracy Score,Recall Score,Precision Score
0,0.8659440958357103,0.8825,0.9014251781472684,0.8331503841931943
1,0.73492286115007,0.811,0.6223277909738717,0.8972602739726028
2,0.7368718238283456,0.6272,0.9151472650771388,0.6167296786389413
3,0.7633639768471229,0.722,0.7861150070126227,0.7418927862342819
4,0.8114359139094122,0.7652,0.8856942496493688,0.7486662714878483
