,F1 score,Accuracy Score,Recall Score,Precision Score
0,0.4632996632996633,0.5677874186550976,0.8362619808306709,0.42980295566502463
1,0.5154882154882154,0.5977075761811574,0.8538338658146964,0.45978494623655913
2,0.5292929292929293,0.5839285714285714,0.7835463258785943,0.4653700189753321
3,0.4754208754208754,0.6017382413087935,0.9400958466453674,0.4424812030075188
4,0.47003367003367,0.5922279792746115,0.9129392971246006,0.43826687116564417
