,F1 score,Accuracy Score,Recall Score,Precision Score
0,0.8659440958357103,0.8825,0.9014251781472684,0.8331503841931943
1,0.7915601023017903,0.837,0.7351543942992874,0.8573407202216067
2,0.7368718238283456,0.6272,0.9151472650771388,0.6167296786389413
3,0.7674576271186441,0.7256,0.7938288920056101,0.7427821522309711
4,0.8114359139094122,0.7652,0.8856942496493688,0.7486662714878483
