,F1 score,Accuracy Score,Recall Score,Precision Score
0,0.8659440958357103,0.8825,0.9014251781472684,0.8331503841931943
1,0.8015075376884422,0.842,0.7577197149643705,0.8506666666666667
2,0.7368718238283456,0.6272,0.9151472650771388,0.6167296786389413
3,0.7682885335148011,0.7276,0.7917251051893408,0.7461996034368804
4,0.8114359139094122,0.7652,0.8856942496493688,0.7486662714878483
